{
    "Train score": 32.989576660267005,
    "Test score": 32.03532587187918
}